{
  "id": "/subscriptions/aec65288-f089-4a9b-a94f-c6fb71650fab/resourceGroups/VstsRG-Phillipmm-9e04/providers/Microsoft.Resources/deployments/Deploy_DevOps_Project_Phillipmm",
  "name": "Deploy_DevOps_Project_Phillipmm",
  "type": "Microsoft.Resources/deployments",
  "tags": {
    "primaryResourceId": "/subscriptions/aec65288-f089-4a9b-a94f-c6fb71650fab/resourcegroups/VstsRG-Phillipmm-9e04/providers/Microsoft.DevOps/pipelines/Phillipmm",
    "marketplaceItemId": "Microsoft.AzureProject"
  },
  "properties": {
    "templateHash": "3944621561601963955",
    "parameters": {
      "azureAuth": {
        "type": "SecureString"
      },
      "repository_auth": {
        "type": "SecureObject"
      }
    },
    "mode": "Incremental",
    "debugSetting": {
      "detailLevel": "None"
    },
    "provisioningState": "Running",
    "timestamp": "2022-02-05T22:34:33.7735822Z",
    "duration": "PT2.0558197S",
    "correlationId": "95751a6b-d20d-43ed-8a64-ae66be280565",
    "providers": [
      {
        "namespace": "Microsoft.DevOps",
        "resourceTypes": [
          {
            "resourceType": "pipelines",
            "locations": [
              "centralus"
            ]
          }
        ]
      }
    ],
    "dependencies": []
  }
}